--iNSERT USERS
insert into Users (user_id, first_name, last_name, login_name, passowrd, email, type, mobile, is_active, created_date, modified_date) values (U01, 'Jeffrey', 'Larson', 'jlarson0', '0V97JJtTy', 'jlarson0@youku.com', 'Supervisor', '51-(300)310-2309', true, '17-Nov-2015', '17-Nov-2015');
insert into Users (user_id, first_name, last_name, login_name, passowrd, email, type, mobile, is_active, created_date, modified_date) values (U02, 'Margaret', 'Mitchell', 'mmitchell1', 'y23gGzBcjfkF', 'mmitchell1@sphinn.com', 'Supervisor', '86-(920)186-8611', true, '30-Aug-2015', '30-Aug-2015');
insert into Users (user_id, first_name, last_name, login_name, passowrd, email, type, mobile, is_active, created_date, modified_date) values (U03, 'Jennifer', 'Gutierrez', 'jgutierrez2', '6QJwqb', 'jgutierrez2@symantec.com', 'Supervisor', '86-(926)322-6116', true, '13-Aug-2016', '13-Aug-2016');
insert into Users (user_id, first_name, last_name, login_name, passowrd, email, type, mobile, is_active, created_date, modified_date) values (U04, 'Donald', 'Oliver', 'doliver3', 'Xx7UCHNJ1', 'doliver3@illinois.edu', 'Supervisor', '353-(950)243-3027', true, '22-Dec-2015', '22-Dec-2015');
insert into Users (user_id, first_name, last_name, login_name, passowrd, email, type, mobile, is_active, created_date, modified_date) values (U05, 'Patricia', 'Cunningham', 'pcunningham4', 'QmISLpb7tb', 'pcunningham4@state.tx.us', 'Supervisor', '7-(203)531-8141', true, '24-Dec-2015', '24-Dec-2015');
insert into Users (user_id, first_name, last_name, login_name, passowrd, email, type, mobile, is_active, created_date, modified_date) values (U06, 'Jacqueline', 'Hamilton', 'jhamilton5', 'cmaJ37fAfeLE', 'jhamilton5@mtv.com', 'Student', '62-(933)561-5046', true, '06-Dec-2015', '06-Dec-2015');
insert into Users (user_id, first_name, last_name, login_name, passowrd, email, type, mobile, is_active, created_date, modified_date) values (U07, 'Steve', 'Cooper', 'scooper6', 'd0UkCDXruW', 'scooper6@nsw.gov.au', 'Student', '62-(923)866-3918', true, '25-Oct-2015', '25-Oct-2015');
insert into Users (user_id, first_name, last_name, login_name, passowrd, email, type, mobile, is_active, created_date, modified_date) values (U08, 'Patrick', 'Coleman', 'pcoleman7', 'xdREdGgp7Zt', 'pcoleman7@unc.edu', 'Student', '86-(612)212-8669', true, '18-Sep-2015', '18-Sep-2015');
insert into Users (user_id, first_name, last_name, login_name, passowrd, email, type, mobile, is_active, created_date, modified_date) values (U09, 'Joseph', 'Hernandez', 'jhernandez8', 'TpRslrHvX9LZ', 'jhernandez8@soup.io', 'Student', '98-(444)842-5341', true, '12-Apr-2016', '12-Apr-2016');
insert into Users (user_id, first_name, last_name, login_name, passowrd, email, type, mobile, is_active, created_date, modified_date) values (U10, 'Louis', 'Moreno', 'lmoreno9', 'DfcXaY7h5iqO', 'lmoreno9@behance.net', 'Student', '7-(542)208-8072', true, '12-Sep-2015', '12-Sep-2015');
insert into Users (user_id, first_name, last_name, login_name, passowrd, email, type, mobile, is_active, created_date, modified_date) values (U11, 'Paul', 'Young', 'pyounga', 'WejToLyV', 'pyounga@jigsy.com', 'Student', '86-(706)741-5691', true, '08-Jun-2016', '08-Jun-2016');
insert into Users (user_id, first_name, last_name, login_name, passowrd, email, type, mobile, is_active, created_date, modified_date) values (U12, 'Rose', 'Sanchez', 'rsanchezb', 'rbGvaLPbTB', 'rsanchezb@studiopress.com', 'Student', '380-(153)789-3882', true, '06-Sep-2015', '06-Sep-2015');
insert into Users (user_id, first_name, last_name, login_name, passowrd, email, type, mobile, is_active, created_date, modified_date) values (U13, 'Deborah', 'Duncan', 'dduncanc', 'd9UNofPF', 'dduncanc@webmd.com', 'Student', '86-(863)715-4273', true, '09-Jan-2016', '09-Jan-2016');
insert into Users (user_id, first_name, last_name, login_name, passowrd, email, type, mobile, is_active, created_date, modified_date) values (U14, 'Timothy', 'Pierce', 'tpierced', 'iXFzHQfjx', 'tpierced@slideshare.net', 'Student', '20-(302)350-7808', true, '15-Dec-2015', '15-Dec-2015');
insert into Users (user_id, first_name, last_name, login_name, passowrd, email, type, mobile, is_active, created_date, modified_date) values (U15, 'Timothy', 'Wheeler', 'twheelere', 'FZJV7zi8k', 'twheelere@technorati.com', 'Student', '54-(216)890-7055', true, '18-Aug-2015', '18-Aug-2015');

--INSERT COURSES
insert into Courses (course_id, name, description, created_date, modified_date, is_active) values (C1, 'SQL', 'Basics of SQL', '13-Feb-2016', '13-Feb-2016', false);
insert into Courses (course_id, name, description, created_date, modified_date, is_active) values (C2, 'PL/SQL', 'Programming with PL/SQL', '15-Oct-2015', '15-Oct-2015', false);
insert into Courses (course_id, name, description, created_date, modified_date, is_active) values (C3, 'JAVA', 'Basics of Core Java', '15-Sep-2015', '15-Sep-2015', false);
insert into Courses (course_id, name, description, created_date, modified_date, is_active) values (C4, 'JAVA EE', 'Working with Java Enterprise Edition', '13-Sep-2015', '13-Sep-2015', true);
insert into Courses (course_id, name, description, created_date, modified_date, is_active) values (C5, 'ADF', 'Working with ADF technology', '03-Sep-2015', '03-Sep-2015', true);

--INSERT ASSIGNMENTS
insert into Assignments (asg_id, name, description, course_id, is_active, created_date, modified_date) values ('A1', 'Assignment1', 'DML and DDL', 'C1', true, '17-Nov-2015', '17-Nov-2015');
insert into Assignments (asg_id, name, description, course_id, is_active, created_date, modified_date) values ('A2', 'Assignment2', 'SubQuery', 'C1', true, '03-Mar-2016', '03-Mar-2016');
insert into Assignments (asg_id, name, description, course_id, is_active, created_date, modified_date) values ('A3', 'Assignment3', 'Join and Set Operations','C1', true, '08-Jun-2016', '08-Jun-2016');
insert into Assignments (asg_id, name, description, course_id, is_active, created_date, modified_date) values ('A1', 'Assignment1', 'Packages', 'C2', true, '19-Sep-2015', '19-Sep-2015');
insert into Assignments (asg_id, name, description, course_id, is_active, created_date, modified_date) values ('A2', 'Assignment2', 'Functions and Procedures', 'C2', true, '13-Apr-2016', '13-Apr-2016');
insert into Assignments (asg_id, name, description, course_id, is_active, created_date, modified_date) values ('A3', 'Assignment3', 'Triggers', 'C2', true, '23-Nov-2015', '23-Nov-2015');
insert into Assignments (asg_id, name, description, course_id, is_active, created_date, modified_date) values ('A1', 'Assignment1', 'Cotrol Operations', 'C3', true, '06-Nov-2015', '06-Nov-2015');
insert into Assignments (asg_id, name, description, course_id, is_active, created_date, modified_date) values ('A2', 'Assignment2', 'JDBC connection', 'C3', true, '24-Jul-2016', '24-Jul-2016');
insert into Assignments (asg_id, name, description, course_id, is_active, created_date, modified_date) values ('A3', 'Assignment3', 'Threading', 'C3', true, '03-Mar-2016', '03-Mar-2016');
insert into Assignments (asg_id, name, description, course_id, is_active, created_date, modified_date) values ('A1', 'Assignment1', 'servlet', 'C4', true, '29-Dec-2015', '29-Dec-2015');
insert into Assignments (asg_id, name, description, course_id, is_active, created_date, modified_date) values ('A2', 'Assignment2', 'JPA', 'C4', true, '10-Sep-2015', '10-Sep-2015');
insert into Assignments (asg_id, name, description, course_id, is_active, created_date, modified_date) values ('A3', 'Assignment3', 'JSF', 'C4', true, '23-Nov-2015', '23-Nov-2015');
insert into Assignments (asg_id, name, description, course_id, is_active, created_date, modified_date) values ('A1', 'Assignment1', 'Storefront1', 'C5', true, '16-Oct-2015', '16-Oct-2015');
insert into Assignments (asg_id, name, description, course_id, is_active, created_date, modified_date) values ('A2', 'Assignment2', 'Storefront2', 'C5', true, '14-Jun-2016', '14-Jun-2016');
insert into Assignments (asg_id, name, description, course_id, is_active, created_date, modified_date) values ('A3', 'Assignment3', 'Storefront3', 'C5', true, '14-Apr-2016', '14-Apr-2016');

--INSEERT STD_CRS_ASG
insert into Std_crs_asg (student_id, course_id, asg_id, super_id, status, file_path, is_active, created_date, modified_date) values ('U15', 'C3', 'A3', 'U03', 'incomplete', null, true, '21-Mar-2016', '21-Mar-2016');
insert into Std_crs_asg (student_id, course_id, asg_id, super_id, status, file_path, is_active, created_date, modified_date) values ('U15', 'C3', 'A2', 'U03', 'incomplete', null, true, '17-May-2016', '17-May-2016');
insert into Std_crs_asg (student_id, course_id, asg_id, super_id, status, file_path, is_active, created_date, modified_date) values ('U06', 'C2', 'A3', 'U02', 'incomplete', null, true, '25-Sep-2015', '25-Sep-2015');
insert into Std_crs_asg (student_id, course_id, asg_id, super_id, status, file_path, is_active, created_date, modified_date) values ('U07', 'C5', 'A2', 'U05', 'incomplete', null, true, '25-Apr-2016', '25-Apr-2016');
insert into Std_crs_asg (student_id, course_id, asg_id, super_id, status, file_path, is_active, created_date, modified_date) values ('U06', 'C2', 'A1', 'U02', 'incomplete', null, true, '09-Jan-2016', '09-Jan-2016');
insert into Std_crs_asg (student_id, course_id, asg_id, super_id, status, file_path, is_active, created_date, modified_date) values ('U14', 'C3', 'A3', 'U03', 'incomplete', null, true, '04-Aug-2016', '04-Aug-2016');
insert into Std_crs_asg (student_id, course_id, asg_id, super_id, status, file_path, is_active, created_date, modified_date) values ('U13', 'C5', 'A1', 'U05', 'incomplete', null, true, '26-Apr-2016', '26-Apr-2016');
insert into Std_crs_asg (student_id, course_id, asg_id, super_id, status, file_path, is_active, created_date, modified_date) values ('U12', 'C1', 'A3', 'U01', 'incomplete', null, true, '06-Aug-2016', '06-Aug-2016');
insert into Std_crs_asg (student_id, course_id, asg_id, super_id, status, file_path, is_active, created_date, modified_date) values ('U11', 'C1', 'A2', 'U01', 'incomplete', null, true, '17-Mar-2016', '17-Mar-2016');
insert into Std_crs_asg (student_id, course_id, asg_id, super_id, status, file_path, is_active, created_date, modified_date) values ('U10', 'C5', 'A2', 'U05', 'incomplete', null, true, '09-Jul-2016', '09-Jul-2016');
insert into Std_crs_asg (student_id, course_id, asg_id, super_id, status, file_path, is_active, created_date, modified_date) values ('U09', 'C4', 'A3', 'U04', 'incomplete', null, true, '19-Feb-2016', '19-Feb-2016');
insert into Std_crs_asg (student_id, course_id, asg_id, super_id, status, file_path, is_active, created_date, modified_date) values ('U08', 'C4', 'A1', 'U04', 'incomplete', null, true, '05-Apr-2016', '05-Apr-2016');
insert into Std_crs_asg (student_id, course_id, asg_id, super_id, status, file_path, is_active, created_date, modified_date) values ('U12', 'C1', 'A1', 'U01', 'incomplete', null, true, '14-Jul-2016', '14-Jul-2016');
insert into Std_crs_asg (student_id, course_id, asg_id, super_id, status, file_path, is_active, created_date, modified_date) values ('U07', 'C5', 'A3', 'U05', 'incomplete', null, true, '15-Jan-2016', '15-Jan-2016');

--INSERT ENROLLMENTS
insert into Entollments (student_id, course_id, super_id, status, is_active, created_date, modified_date) values ('U11', 'C1', 'U4', 'incomplete', true, '17-Oct-2015', '17-Oct-2015');
insert into Entollments (student_id, course_id, super_id, status, is_active, created_date, modified_date) values ('U12', 'C1', 'U3', 'incomplete', true, '22-Aug-2015', '22-Aug-2015');
insert into Entollments (student_id, course_id, super_id, status, is_active, created_date, modified_date) values ('U06', 'C2', 'U4', 'incomplete', true, '22-Jan-2016', '22-Jan-2016');
insert into Entollments (student_id, course_id, super_id, status, is_active, created_date, modified_date) values ('U15', 'C3', 'U3', 'incomplete', true, '29-Feb-2016', '29-Feb-2016');
insert into Entollments (student_id, course_id, super_id, status, is_active, created_date, modified_date) values ('U14', 'C3', 'U5', 'incomplete', true, '19-Mar-2016', '19-Mar-2016');
insert into Entollments (student_id, course_id, super_id, status, is_active, created_date, modified_date) values ('U09', 'C4', 'U2', 'incomplete', true, '01-Jul-2016', '01-Jul-2016');
insert into Entollments (student_id, course_id, super_id, status, is_active, created_date, modified_date) values ('U08', 'C4', 'U3', 'incomplete', true, '28-Mar-2016', '28-Mar-2016');
insert into Entollments (student_id, course_id, super_id, status, is_active, created_date, modified_date) values ('U13', 'C5', 'U4', 'incomplete', true, '08-Dec-2015', '08-Dec-2015');
insert into Entollments (student_id, course_id, super_id, status, is_active, created_date, modified_date) values ('U07', 'C5', 'U5', 'incomplete', true, '06-Feb-2016', '06-Feb-2016');
insert into Entollments (student_id, course_id, super_id, status, is_active, created_date, modified_date) values ('U10', 'C5', 'U4', 'incomplete', true, '20-Sep-2015', '20-Sep-2015');

--INSERT COMMENTS
insert into Comments (student_id, super_id, course_id, asg_id, text, is_active, created_date, modified_date) values ('U15', 'U03', 'C3', 'A3', 'IMPROVEMENT NEEDED', true, '19-Mar-2016', '19-Mar-2016');
insert into Comments (student_id, super_id, course_id, asg_id, text, is_active, created_date, modified_date) values ('U15', 'U03', 'C3', 'A2', 'IMPROVEMENT NEEDED', true, '09-Apr-2016', '09-Apr-2016');
insert into Comments (student_id, super_id, course_id, asg_id, text, is_active, created_date, modified_date) values ('U06', 'U02', 'C2', 'A3', 'IMPROVEMENT NEEDED', true, '29-Jul-2016', '29-Jul-2016');
insert into Comments (student_id, super_id, course_id, asg_id, text, is_active, created_date, modified_date) values ('U07', 'U05', 'C5', 'A2', 'IMPROVEMENT NEEDED', true, '20-May-2016', '20-May-2016');
insert into Comments (student_id, super_id, course_id, asg_id, text, is_active, created_date, modified_date) values ('U06', 'U02', 'C2', 'A1', 'IMPROVEMENT NEEDED', true, '03-Nov-2015', '03-Nov-2015');
insert into Comments (student_id, super_id, course_id, asg_id, text, is_active, created_date, modified_date) values ('U04', 'U03', 'C3', 'A3', 'IMPROVEMENT NEEDED', true, '10-Jun-2016', '10-Jun-2016');
insert into Comments (student_id, super_id, course_id, asg_id, text, is_active, created_date, modified_date) values ('U03', 'U05', 'C5', 'A1', 'IMPROVEMENT NEEDED', true, '01-Aug-2016', '01-Aug-2016');
insert into Comments (student_id, super_id, course_id, asg_id, text, is_active, created_date, modified_date) values ('U02', 'U01', 'C1', 'A3', 'IMPROVEMENT NEEDED', true, '03-Oct-2015', '03-Oct-2015');
insert into Comments (student_id, super_id, course_id, asg_id, text, is_active, created_date, modified_date) values ('U11', 'U01', 'C1', 'A2', 'IMPROVEMENT NEEDED', true, '29-Apr-2016', '29-Apr-2016');
insert into Comments (student_id, super_id, course_id, asg_id, text, is_active, created_date, modified_date) values ('U10', 'U05', 'C5', 'A2', 'IMPROVEMENT NEEDED', true, '11-Aug-2016', '11-Aug-2016');
insert into Comments (student_id, super_id, course_id, asg_id, text, is_active, created_date, modified_date) values ('U09', 'U04', 'C4', 'A3', 'IMPROVEMENT NEEDED', true, '18-Apr-2016', '18-Apr-2016');
insert into Comments (student_id, super_id, course_id, asg_id, text, is_active, created_date, modified_date) values ('U08', 'U04', 'C4', 'A1', 'IMPROVEMENT NEEDED', true, '29-Aug-2015', '29-Aug-2015');
insert into Comments (student_id, super_id, course_id, asg_id, text, is_active, created_date, modified_date) values ('U12', 'U01', 'C1', 'A1', 'IMPROVEMENT NEEDED', true, '15-Oct-2015', '15-Oct-2015');
insert into Comments (student_id, super_id, course_id, asg_id, text, is_active, created_date, modified_date) values ('U07', 'U05', 'C5', 'A3', 'IMPROVEMENT NEEDED', true, '02-Jan-2016', '02-Jan-2016');

--INSERT SUP_CRS
insert into Sup_crs (super_id, course_id, is_active, created_date, modified_date) values ('U1', 'C1', true, '03-Jun-2016', '03-Jun-2016');
insert into Sup_crs (super_id, course_id, is_active, created_date, modified_date) values ('U2', 'C2', true, '16-Jan-2016', '16-Jan-2016');
insert into Sup_crs (super_id, course_id, is_active, created_date, modified_date) values ('U3', 'C3', true, '09-Jun-2016', '09-Jun-2016');
insert into Sup_crs (super_id, course_id, is_active, created_date, modified_date) values ('U5', 'C5', true, '19-Dec-2015', '19-Dec-2015');
insert into Sup_crs (super_id, course_id, is_active, created_date, modified_date) values ('U4', 'C4', true, '06-Oct-2015', '06-Oct-2015');
